,xedges,yedges
0,0.2,-2.5
1,0.6799999999999999,-2.2
2,1.16,-1.9
3,1.64,-1.6
4,2.12,-1.3
5,2.6,-1.0
6,3.08,-0.7000000000000002
7,3.56,-0.3999999999999999
8,4.04,-0.10000000000000009
9,4.5200000000000005,0.19999999999999973
10,5.0,0.5
